seed,r_requested,r_actual,n_low,epsilon,L1,L2,mu,R1,R2,Delta,K1_continuous,K1_warm,K1_selected,K1_empirical,direct_bound,warm_bound,selected_bound,direct_cost,selected_cost,empirical_cost,regret,speedup,theory_warm,empirical_warm,agreement,harmful_selected_warm,comparison_complete,candidate_count,reached_candidates,low_reference_grad_norm,high_reference_grad_norm
11,0.050000000000000003,0.050000000000000003,5500,0.001,1.1102161353297644,1.0481290031906361,0.01,1.0873419847173953,1.0785891330868336,0.11454137912377643,144.8525489036428,144,144,31,50,20.199999999999999,20.199999999999999,14,8.1999999999999993,2.5499999999999998,2.215686274509804,1.7073170731707319,1,1,1,0,1,21,21,3.7650351285235554e-12,2.3889349411324013e-12
11,0.050000000000000003,0.050000000000000003,5500,0.0001,1.1102161353297644,1.0481290031906361,0.01,1.0873419847173953,1.0785891330868336,0.11454137912377643,257.58830520700411,257,257,31,157,42.850000000000001,42.850000000000001,20,17.850000000000001,7.5499999999999998,1.3642384105960268,1.1204481792717087,1,1,1,0,1,21,21,3.7650351285235554e-12,2.3889349411324013e-12
11,0.050000000000000003,0.050000000000000003,5500,1.0000000000000001e-05,1.1102161353297644,1.0481290031906361,0.01,1.0873419847173953,1.0785891330868336,0.11454137912377643,458.06397941643729,458,458,63,494,98.900000000000006,98.900000000000006,40,32.900000000000006,13.15,1.5019011406844109,1.2158054711246198,1,1,1,0,1,21,21,3.7650351285235554e-12,2.3889349411324013e-12
12,0.050000000000000003,0.050000000000000003,5500,0.001,1.0634364129648615,1.0481290031906361,0.01,1.0737776571358963,1.0785891330868336,0.20954102300390831,142.40532932527589,142,142,31,50,24.100000000000001,24.100000000000001,14,10.100000000000001,4.5499999999999998,1.2197802197802203,1.386138613861386,1,1,1,0,1,19,19,8.356805524244436e-12,2.3889349411324013e-12
12,0.050000000000000003,0.050000000000000003,5500,0.0001,1.0634364129648615,1.0481290031906361,0.01,1.0737776571358963,1.0785891330868336,0.20954102300390831,253.23646501895013,254,254,31,157,55.700000000000003,55.700000000000003,20,21.700000000000003,9.5500000000000007,1.2722513089005236,0.9216589861751151,1,1,1,1,1,19,19,8.356805524244436e-12,2.3889349411324013e-12
12,0.050000000000000003,0.050000000000000003,5500,1.0000000000000001e-05,1.0634364129648615,1.0481290031906361,0.01,1.0737776571358963,1.0785891330868336,0.20954102300390831,450.32519161424091,450,450,31,494,141.5,141.5,40,38.5,15.550000000000001,1.47588424437299,1.0389610389610389,1,1,1,0,1,19,19,8.356805524244436e-12,2.3889349411324013e-12
13,0.050000000000000003,0.050000000000000003,5500,0.001,1.0526190469445666,1.0481290031906361,0.01,1.0511827592667768,1.0785891330868336,0.2262795843012583,140.53940157528933,140,140,31,50,25,25,14,11,5.5499999999999998,0.98198198198198194,1.2727272727272727,1,1,1,0,1,19,19,5.088887795350516e-13,2.3889349411324013e-12
13,0.050000000000000003,0.050000000000000003,5500,0.0001,1.0526190469445666,1.0481290031906361,0.01,1.0511827592667768,1.0785891330868336,0.2262795843012583,249.91832412052878,249,249,31,157,58.450000000000003,58.450000000000003,20,22.450000000000003,11.550000000000001,0.94372294372294374,0.89086859688195985,1,1,1,1,1,19,19,5.088887795350516e-13,2.3889349411324013e-12
13,0.050000000000000003,0.050000000000000003,5500,1.0000000000000001e-05,1.0526190469445666,1.0481290031906361,0.01,1.0511827592667768,1.0785891330868336,0.2262795843012583,444.42460997497017,444,444,31,494,148.19999999999999,148.19999999999999,40,37.200000000000003,16.550000000000001,1.2477341389728096,1.075268817204301,1,1,1,0,1,19,19,5.088887795350516e-13,2.3889349411324013e-12
11,0.14999999999999999,0.14999999999999999,16500,0.001,1.0674967824135657,1.0481290031906361,0.01,1.123975082957251,1.0785891330868336,0.11728204106407059,84.197759940575693,85,85,16,50,30.75,30.75,14,12.75,3.3999999999999999,2.75,1.0980392156862746,1,1,1,0,1,18,18,3.0405899518763753e-12,2.3889349411324013e-12
11,0.14999999999999999,0.14999999999999999,16500,0.0001,1.0674967824135657,1.0481290031906361,0.01,1.123975082957251,1.0785891330868336,0.11728204106407059,149.7271428737258,149,149,17,157,62.349999999999994,62.349999999999994,20,28.349999999999998,11.550000000000001,1.4545454545454541,0.70546737213403887,1,1,1,1,1,18,18,3.0405899518763753e-12,2.3889349411324013e-12
11,0.14999999999999999,0.14999999999999999,16500,1.0000000000000001e-05,1.0674967824135657,1.0481290031906361,0.01,1.123975082957251,1.0785891330868336,0.11728204106407059,266.25669529630261,266,266,17,494,133.90000000000001,133.90000000000001,40,52.899999999999999,20.550000000000001,1.5742092457420922,0.75614366729678639,1,1,1,1,1,18,18,3.0405899518763753e-12,2.3889349411324013e-12
12,0.14999999999999999,0.14999999999999999,16500,0.001,1.043245858066024,1.0481290031906361,0.01,1.0831198099811379,1.0785891330868336,0.098508904111312551,82.179873553176122,82,82,17,50,29.299999999999997,29.299999999999997,14,12.299999999999999,3.5499999999999998,2.464788732394366,1.1382113821138213,1,1,1,0,1,20,20,3.6241163287366584e-12,2.3889349411324013e-12
12,0.14999999999999999,0.14999999999999999,16500,0.0001,1.043245858066024,1.0481290031906361,0.01,1.0831198099811379,1.0785891330868336,0.098508904111312551,146.13877705921533,146,146,31,157,58.899999999999999,58.899999999999999,20,26.899999999999999,9.6499999999999986,1.7875647668393784,0.74349442379182162,1,1,1,1,1,20,20,3.6241163287366584e-12,2.3889349411324013e-12
12,0.14999999999999999,0.14999999999999999,16500,1.0000000000000001e-05,1.043245858066024,1.0481290031906361,0.01,1.0831198099811379,1.0785891330868336,0.098508904111312551,259.87557825267106,259,259,31,494,123.84999999999999,123.84999999999999,40,47.850000000000001,15.649999999999999,2.0575079872204478,0.83594566353187039,1,1,1,1,1,20,20,3.6241163287366584e-12,2.3889349411324013e-12
13,0.14999999999999999,0.14999999999999999,16500,0.001,1.0724940465264021,1.0481290031906361,0.01,1.0987139765789224,1.0785891330868336,0.11908030021715538,83.343473965143545,84,84,16,50,30.600000000000001,30.600000000000001,14,12.6,3.3999999999999999,2.7058823529411766,1.1111111111111112,1,1,1,0,1,20,20,1.0413295943229974e-12,2.3889349411324013e-12
13,0.14999999999999999,0.14999999999999999,16500,0.0001,1.0724940465264021,1.0481290031906361,0.01,1.0987139765789224,1.0785891330868336,0.11908030021715538,148.20798371332981,148,148,17,157,62.200000000000003,62.200000000000003,20,28.199999999999999,12.550000000000001,1.2470119521912348,0.70921985815602839,1,1,1,1,1,20,20,1.0413295943229974e-12,2.3889349411324013e-12
13,0.14999999999999999,0.14999999999999999,16500,1.0000000000000001e-05,1.0724940465264021,1.0481290031906361,0.01,1.0987139765789224,1.0785891330868336,0.11908030021715538,263.55520584079835,264,264,17,494,133.59999999999999,133.59999999999999,40,51.600000000000001,20.550000000000001,1.5109489051094891,0.77519379844961234,1,1,1,1,1,20,20,1.0413295943229974e-12,2.3889349411324013e-12
11,0.25,0.25,27500,0.001,1.0486273113374767,1.0481290031906361,0.01,1.1319238916307419,1.0785891330868336,0.1047840360178308,65.158350515439352,66,66,15,50,37.5,37.5,14,16.5,3.75,3.4000000000000004,0.84848484848484851,1,1,1,1,1,17,17,2.3112967190374214e-12,2.3889349411324013e-12
11,0.25,0.25,27500,0.0001,1.0486273113374767,1.0481290031906361,0.01,1.1319238916307419,1.0785891330868336,0.1047840360178308,115.86975311370483,115,115,17,157,73.75,73.75,20,33.75,10.25,2.2926829268292681,0.59259259259259256,1,1,1,1,1,17,17,2.3112967190374214e-12,2.3889349411324013e-12
11,0.25,0.25,27500,1.0000000000000001e-05,1.0486273113374767,1.0481290031906361,0.01,1.1319238916307419,1.0785891330868336,0.1047840360178308,206.04879620839469,206,206,17,494,151.5,151.5,40,66.5,20.25,2.2839506172839505,0.60150375939849621,1,1,1,1,1,17,17,2.3112967190374214e-12,2.3889349411324013e-12
12,0.25,0.25,27500,0.001,1.0497569001954734,1.0481290031906361,0.01,1.0585196101439969,1.0785891330868336,0.07801881648937925,63.027171230564555,63,63,17,50,35.75,35.75,14,15.75,4.25,2.7058823529411766,0.88888888888888884,1,1,1,1,1,18,18,4.3500953845603233e-12,2.3889349411324013e-12
12,0.25,0.25,27500,0.0001,1.0497569001954734,1.0481290031906361,0.01,1.0585196101439969,1.0785891330868336,0.07801881648937925,112.0799208723105,112,112,31,157,68,68,20,32,10.75,1.9767441860465116,0.625,1,1,1,1,1,18,18,4.3500953845603233e-12,2.3889349411324013e-12
12,0.25,0.25,27500,1.0000000000000001e-05,1.0497569001954734,1.0481290031906361,0.01,1.0585196101439969,1.0785891330868336,0.07801881648937925,199.30941556602147,199,199,31,494,135.75,135.75,40,60.75,14.75,3.1186440677966099,0.65843621399176955,1,1,1,1,1,18,18,4.3500953845603233e-12,2.3889349411324013e-12
13,0.25,0.25,27500,0.001,1.0682853764961344,1.0481290031906361,0.01,1.0905178591632785,1.0785891330868336,0.077727171227896144,64.253144876646118,64,64,16,50,36,36,14,16,4,3,0.875,1,1,1,1,1,18,18,1.5772898800745854e-12,2.3889349411324013e-12
13,0.25,0.25,27500,0.0001,1.0682853764961344,1.0481290031906361,0.01,1.0905178591632785,1.0785891330868336,0.077727171227896144,114.2600445643877,114,114,31,157,68.5,68.5,20,32.5,13.75,1.3636363636363638,0.61538461538461542,1,1,1,1,1,18,18,1.5772898800745854e-12,2.3889349411324013e-12
13,0.25,0.25,27500,1.0000000000000001e-05,1.0682853764961344,1.0481290031906361,0.01,1.0905178591632785,1.0785891330868336,0.077727171227896144,203.1862846389804,203,203,31,494,137.75,137.75,40,60.75,22.75,1.6703296703296702,0.65843621399176955,1,1,1,1,1,18,18,1.5772898800745854e-12,2.3889349411324013e-12
