seed,r,epsilon,low_steps,high_steps,observed_cost,candidate_sources
11,0.05,0.001,0,18,18.0,direct;legacy_budget;previous_experiment_grid
11,0.05,0.0001,0,36,36.0,direct;legacy_budget;previous_experiment_grid
11,0.05,1e-05,0,42,42.0,direct;legacy_budget;previous_experiment_grid
11,0.05,0.001,1,18,18.05,power_of_two;legacy_budget;previous_experiment_grid
11,0.05,0.0001,1,35,35.05,power_of_two;legacy_budget;previous_experiment_grid
11,0.05,1e-05,1,42,42.05,power_of_two;legacy_budget;previous_experiment_grid
11,0.05,0.001,2,18,18.1,power_of_two;legacy_budget;previous_experiment_grid
11,0.05,0.0001,2,23,23.1,power_of_two;legacy_budget;previous_experiment_grid
11,0.05,1e-05,2,42,42.1,power_of_two;legacy_budget;previous_experiment_grid
11,0.05,0.001,4,17,17.2,power_of_two;legacy_budget;previous_experiment_grid
11,0.05,0.0001,4,22,22.2,power_of_two;legacy_budget;previous_experiment_grid
11,0.05,1e-05,4,42,42.2,power_of_two;legacy_budget;previous_experiment_grid
11,0.05,0.001,8,15,15.4,power_of_two;legacy_budget;previous_experiment_grid
11,0.05,0.0001,8,20,20.4,power_of_two;legacy_budget;previous_experiment_grid
11,0.05,1e-05,8,41,41.4,power_of_two;legacy_budget;previous_experiment_grid
11,0.05,0.001,16,8,8.8,power_of_two;legacy_budget;previous_experiment_grid
11,0.05,0.0001,16,17,17.8,power_of_two;legacy_budget;previous_experiment_grid
11,0.05,1e-05,16,22,22.8,power_of_two;legacy_budget;previous_experiment_grid
11,0.05,0.001,29,6,7.45,local_refinement
11,0.05,0.0001,29,10,11.45,local_refinement
11,0.05,1e-05,29,18,19.45,local_refinement
11,0.05,0.001,30,6,7.5,previous_experiment_grid
11,0.05,0.0001,30,11,12.5,previous_experiment_grid
11,0.05,1e-05,30,19,20.5,previous_experiment_grid
11,0.05,0.001,31,6,7.55,legacy_budget;previous_experiment_grid;local_refinement
11,0.05,0.0001,31,11,12.55,legacy_budget;previous_experiment_grid;local_refinement
11,0.05,1e-05,31,19,20.55,legacy_budget;previous_experiment_grid;local_refinement
11,0.05,0.001,32,6,7.6,power_of_two;legacy_budget;previous_experiment_grid
11,0.05,0.0001,32,11,12.6,power_of_two;legacy_budget;previous_experiment_grid
11,0.05,1e-05,32,19,20.6,power_of_two;legacy_budget;previous_experiment_grid
11,0.05,0.001,33,6,7.65,legacy_budget;previous_experiment_grid
11,0.05,0.0001,33,11,12.65,legacy_budget;previous_experiment_grid
11,0.05,1e-05,33,19,20.65,legacy_budget;previous_experiment_grid
11,0.05,0.001,40,6,8.0,local_refinement
11,0.05,0.0001,40,10,12.0,local_refinement
11,0.05,1e-05,40,18,20.0,local_refinement
11,0.05,0.001,41,6,8.05,cost_comparison_switch_budget
11,0.05,0.0001,41,10,12.05,cost_comparison_switch_budget
11,0.05,1e-05,41,17,19.05,cost_comparison_switch_budget
11,0.05,0.001,42,6,8.1,local_refinement
11,0.05,0.0001,42,10,12.1,local_refinement
11,0.05,1e-05,42,14,16.1,local_refinement
11,0.05,0.001,45,6,8.25,local_refinement
11,0.05,0.0001,45,10,12.25,local_refinement
11,0.05,1e-05,45,13,15.25,local_refinement
11,0.05,0.001,46,6,8.3,cost_comparison_switch_budget
11,0.05,0.0001,46,10,12.3,cost_comparison_switch_budget
11,0.05,1e-05,46,13,15.3,cost_comparison_switch_budget
11,0.05,0.001,47,5,7.35,local_refinement
11,0.05,0.0001,47,10,12.35,local_refinement
11,0.05,1e-05,47,13,15.35,local_refinement
11,0.05,0.001,62,6,9.1,previous_experiment_grid
11,0.05,0.0001,62,10,13.1,previous_experiment_grid
11,0.05,1e-05,62,13,16.1,previous_experiment_grid
11,0.05,0.001,63,6,9.15,legacy_budget;previous_experiment_grid
11,0.05,0.0001,63,10,13.15,legacy_budget;previous_experiment_grid
11,0.05,1e-05,63,13,16.15,legacy_budget;previous_experiment_grid
11,0.05,0.001,64,6,9.2,power_of_two;legacy_budget;previous_experiment_grid
11,0.05,0.0001,64,10,13.2,power_of_two;legacy_budget;previous_experiment_grid
11,0.05,1e-05,64,13,16.2,power_of_two;legacy_budget;previous_experiment_grid
11,0.05,0.001,65,6,9.25,legacy_budget;previous_experiment_grid
11,0.05,0.0001,65,10,13.25,legacy_budget;previous_experiment_grid
11,0.05,1e-05,65,13,16.25,legacy_budget;previous_experiment_grid
11,0.05,0.001,66,6,9.3,cost_comparison_switch_budget
11,0.05,0.0001,66,10,13.3,cost_comparison_switch_budget
11,0.05,1e-05,66,13,16.3,cost_comparison_switch_budget
11,0.05,0.001,128,5,11.4,power_of_two;legacy_budget;previous_experiment_grid
11,0.05,0.0001,128,10,16.4,power_of_two;legacy_budget;previous_experiment_grid
11,0.05,1e-05,128,13,19.4,power_of_two;legacy_budget;previous_experiment_grid
11,0.05,0.001,144,5,12.2,legacy_budget;previous_experiment_grid
11,0.05,0.0001,144,10,17.2,legacy_budget;previous_experiment_grid
11,0.05,1e-05,144,13,20.2,legacy_budget;previous_experiment_grid
11,0.05,0.001,145,5,12.25,legacy_budget;previous_experiment_grid
11,0.05,0.0001,145,10,17.25,legacy_budget;previous_experiment_grid
11,0.05,1e-05,145,13,20.25,legacy_budget;previous_experiment_grid
11,0.05,0.001,237,5,16.85,previous_experiment_grid;previous_online_switch_budget
11,0.05,0.0001,237,10,21.85,previous_experiment_grid;previous_online_switch_budget
11,0.05,1e-05,237,13,24.85,previous_experiment_grid;previous_online_switch_budget
11,0.05,0.001,256,5,17.8,power_of_two;legacy_budget;previous_experiment_grid
11,0.05,0.0001,256,10,22.8,power_of_two;legacy_budget;previous_experiment_grid
11,0.05,1e-05,256,13,25.8,power_of_two;legacy_budget;previous_experiment_grid
11,0.05,0.001,257,5,17.85,legacy_budget;previous_experiment_grid
11,0.05,0.0001,257,10,22.85,legacy_budget;previous_experiment_grid
11,0.05,1e-05,257,13,25.85,legacy_budget;previous_experiment_grid
11,0.05,0.001,258,5,17.9,legacy_budget;previous_experiment_grid;previous_online_switch_budget
11,0.05,0.0001,258,10,22.9,legacy_budget;previous_experiment_grid;previous_online_switch_budget
11,0.05,1e-05,258,13,25.9,legacy_budget;previous_experiment_grid;previous_online_switch_budget
11,0.05,0.001,364,5,23.2,previous_experiment_grid;previous_online_switch_budget
11,0.05,0.0001,364,10,28.2,previous_experiment_grid;previous_online_switch_budget
11,0.05,1e-05,364,13,31.2,previous_experiment_grid;previous_online_switch_budget
11,0.05,0.001,458,5,27.900000000000002,legacy_budget;previous_experiment_grid
11,0.05,0.0001,458,10,32.900000000000006,legacy_budget;previous_experiment_grid
11,0.05,1e-05,458,13,35.900000000000006,legacy_budget;previous_experiment_grid
11,0.05,0.001,459,5,27.950000000000003,legacy_budget;previous_experiment_grid
11,0.05,0.0001,459,10,32.95,legacy_budget;previous_experiment_grid
11,0.05,1e-05,459,13,35.95,legacy_budget;previous_experiment_grid
11,0.05,0.001,512,5,30.6,power_of_two;legacy_budget;previous_experiment_grid
11,0.05,0.0001,512,10,35.6,power_of_two;legacy_budget;previous_experiment_grid
11,0.05,1e-05,512,13,38.6,power_of_two;legacy_budget;previous_experiment_grid
11,0.05,0.001,513,5,30.650000000000002,previous_experiment_grid;initial_certificate_budget
11,0.05,0.0001,513,10,35.650000000000006,previous_experiment_grid;initial_certificate_budget
11,0.05,1e-05,513,13,38.650000000000006,previous_experiment_grid;initial_certificate_budget
11,0.05,0.001,911,5,50.550000000000004,previous_experiment_grid;initial_certificate_budget
11,0.05,0.0001,911,10,55.550000000000004,previous_experiment_grid;initial_certificate_budget
11,0.05,1e-05,911,13,58.550000000000004,previous_experiment_grid;initial_certificate_budget
11,0.05,0.001,1024,5,56.2,power_of_two;previous_experiment_grid
11,0.05,0.0001,1024,10,61.2,power_of_two;previous_experiment_grid
11,0.05,1e-05,1024,13,64.2,power_of_two;previous_experiment_grid
11,0.05,0.001,1620,5,86.0,previous_experiment_grid;initial_certificate_budget
11,0.05,0.0001,1620,10,91.0,previous_experiment_grid;initial_certificate_budget
11,0.05,1e-05,1620,13,94.0,previous_experiment_grid;initial_certificate_budget
11,0.15,0.001,0,18,18.0,direct;legacy_budget;previous_experiment_grid
11,0.15,0.0001,0,36,36.0,direct;legacy_budget;previous_experiment_grid
11,0.15,1e-05,0,42,42.0,direct;legacy_budget;previous_experiment_grid
11,0.15,0.001,1,18,18.15,power_of_two;legacy_budget;previous_experiment_grid
11,0.15,0.0001,1,35,35.15,power_of_two;legacy_budget;previous_experiment_grid
11,0.15,1e-05,1,42,42.15,power_of_two;legacy_budget;previous_experiment_grid
11,0.15,0.001,2,17,17.3,power_of_two;legacy_budget;previous_experiment_grid
11,0.15,0.0001,2,23,23.3,power_of_two;legacy_budget;previous_experiment_grid
11,0.15,1e-05,2,42,42.3,power_of_two;legacy_budget;previous_experiment_grid
11,0.15,0.001,4,17,17.6,power_of_two;legacy_budget;previous_experiment_grid
11,0.15,0.0001,4,22,22.6,power_of_two;legacy_budget;previous_experiment_grid
11,0.15,1e-05,4,42,42.6,power_of_two;legacy_budget;previous_experiment_grid
11,0.15,0.001,8,15,16.2,power_of_two;legacy_budget;previous_experiment_grid
11,0.15,0.0001,8,20,21.2,power_of_two;legacy_budget;previous_experiment_grid
11,0.15,1e-05,8,41,42.2,power_of_two;legacy_budget;previous_experiment_grid
11,0.15,0.001,15,8,10.25,legacy_budget;previous_experiment_grid
11,0.15,0.0001,15,17,19.25,legacy_budget;previous_experiment_grid
11,0.15,1e-05,15,21,23.25,legacy_budget;previous_experiment_grid
11,0.15,0.001,16,7,9.4,power_of_two;legacy_budget;previous_experiment_grid;local_refinement
11,0.15,0.0001,16,15,17.4,power_of_two;legacy_budget;previous_experiment_grid;local_refinement
11,0.15,1e-05,16,21,23.4,power_of_two;legacy_budget;previous_experiment_grid;local_refinement
11,0.15,0.001,17,6,8.55,legacy_budget;previous_experiment_grid
11,0.15,0.0001,17,14,16.55,legacy_budget;previous_experiment_grid
11,0.15,1e-05,17,20,22.55,legacy_budget;previous_experiment_grid
11,0.15,0.001,18,6,8.7,previous_experiment_grid;local_refinement
11,0.15,0.0001,18,12,14.7,previous_experiment_grid;local_refinement
11,0.15,1e-05,18,20,22.7,previous_experiment_grid;local_refinement
11,0.15,0.001,19,6,8.85,local_refinement
11,0.15,0.0001,19,11,13.85,local_refinement
11,0.15,1e-05,19,19,21.85,local_refinement
11,0.15,0.001,20,6,9.0,cost_comparison_switch_budget
11,0.15,0.0001,20,10,13.0,cost_comparison_switch_budget
11,0.15,1e-05,20,17,20.0,cost_comparison_switch_budget
11,0.15,0.001,21,6,9.15,local_refinement
11,0.15,0.0001,21,10,13.15,local_refinement
11,0.15,1e-05,21,17,20.15,local_refinement
11,0.15,0.001,32,6,10.8,power_of_two;legacy_budget;previous_experiment_grid
11,0.15,0.0001,32,14,18.8,power_of_two;legacy_budget;previous_experiment_grid
11,0.15,1e-05,32,20,24.8,power_of_two;legacy_budget;previous_experiment_grid
11,0.15,0.001,40,6,12.0,cost_comparison_switch_budget
11,0.15,0.0001,40,11,17.0,cost_comparison_switch_budget
11,0.15,1e-05,40,19,25.0,cost_comparison_switch_budget
11,0.15,0.001,62,5,14.299999999999999,cost_comparison_switch_budget
11,0.15,0.0001,62,10,19.299999999999997,cost_comparison_switch_budget
11,0.15,1e-05,62,17,26.299999999999997,cost_comparison_switch_budget
11,0.15,0.001,63,5,14.45,previous_experiment_grid
11,0.15,0.0001,63,10,19.45,previous_experiment_grid
11,0.15,1e-05,63,17,26.45,previous_experiment_grid
11,0.15,0.001,64,5,14.6,power_of_two;legacy_budget;previous_experiment_grid
11,0.15,0.0001,64,10,19.6,power_of_two;legacy_budget;previous_experiment_grid
11,0.15,1e-05,64,17,26.6,power_of_two;legacy_budget;previous_experiment_grid
11,0.15,0.001,65,6,15.75,previous_experiment_grid
11,0.15,0.0001,65,10,19.75,previous_experiment_grid
11,0.15,1e-05,65,18,27.75,previous_experiment_grid
11,0.15,0.001,84,6,18.6,legacy_budget;previous_experiment_grid
11,0.15,0.0001,84,10,22.6,legacy_budget;previous_experiment_grid
11,0.15,1e-05,84,18,30.6,legacy_budget;previous_experiment_grid
11,0.15,0.001,85,6,18.75,legacy_budget;previous_experiment_grid
11,0.15,0.0001,85,10,22.75,legacy_budget;previous_experiment_grid
11,0.15,1e-05,85,18,30.75,legacy_budget;previous_experiment_grid
11,0.15,0.001,128,5,24.2,power_of_two;legacy_budget;previous_experiment_grid
11,0.15,0.0001,128,10,29.2,power_of_two;legacy_budget;previous_experiment_grid
11,0.15,1e-05,128,18,37.2,power_of_two;legacy_budget;previous_experiment_grid
11,0.15,0.001,149,5,27.349999999999998,legacy_budget;previous_experiment_grid
11,0.15,0.0001,149,10,32.349999999999994,legacy_budget;previous_experiment_grid
11,0.15,1e-05,149,18,40.349999999999994,legacy_budget;previous_experiment_grid
11,0.15,0.001,150,5,27.5,legacy_budget;previous_experiment_grid
11,0.15,0.0001,150,10,32.5,legacy_budget;previous_experiment_grid
11,0.15,1e-05,150,18,40.5,legacy_budget;previous_experiment_grid
11,0.15,0.001,208,5,36.2,previous_experiment_grid;previous_online_switch_budget
11,0.15,0.0001,208,10,41.2,previous_experiment_grid;previous_online_switch_budget
11,0.15,1e-05,208,18,49.2,previous_experiment_grid;previous_online_switch_budget
11,0.15,0.001,249,5,42.35,previous_experiment_grid;previous_online_switch_budget
11,0.15,0.0001,249,10,47.35,previous_experiment_grid;previous_online_switch_budget
11,0.15,1e-05,249,18,55.35,previous_experiment_grid;previous_online_switch_budget
11,0.15,0.001,256,5,43.4,power_of_two;legacy_budget;previous_experiment_grid
11,0.15,0.0001,256,10,48.4,power_of_two;legacy_budget;previous_experiment_grid
11,0.15,1e-05,256,18,56.4,power_of_two;legacy_budget;previous_experiment_grid
11,0.15,0.001,266,5,44.9,legacy_budget;previous_experiment_grid
11,0.15,0.0001,266,10,49.9,legacy_budget;previous_experiment_grid
11,0.15,1e-05,266,18,57.9,legacy_budget;previous_experiment_grid
11,0.15,0.001,267,5,45.05,legacy_budget;previous_experiment_grid
11,0.15,0.0001,267,10,50.05,legacy_budget;previous_experiment_grid
11,0.15,1e-05,267,18,58.05,legacy_budget;previous_experiment_grid
11,0.15,0.001,290,5,48.5,previous_experiment_grid;initial_certificate_budget;previous_online_switch_budget
11,0.15,0.0001,290,10,53.5,previous_experiment_grid;initial_certificate_budget;previous_online_switch_budget
11,0.15,1e-05,290,18,61.5,previous_experiment_grid;initial_certificate_budget;previous_online_switch_budget
11,0.15,0.001,512,5,81.8,power_of_two;previous_experiment_grid
11,0.15,0.0001,512,10,86.8,power_of_two;previous_experiment_grid
11,0.15,1e-05,512,18,94.8,power_of_two;previous_experiment_grid
11,0.15,0.001,515,5,82.25,previous_experiment_grid;initial_certificate_budget
11,0.15,0.0001,515,10,87.25,previous_experiment_grid;initial_certificate_budget
11,0.15,1e-05,515,18,95.25,previous_experiment_grid;initial_certificate_budget
11,0.15,0.001,915,5,142.25,previous_experiment_grid;initial_certificate_budget
11,0.15,0.0001,915,10,147.25,previous_experiment_grid;initial_certificate_budget
11,0.15,1e-05,915,18,155.25,previous_experiment_grid;initial_certificate_budget
11,0.25,0.001,0,18,18.0,direct;legacy_budget;previous_experiment_grid
11,0.25,0.0001,0,36,36.0,direct;legacy_budget;previous_experiment_grid
11,0.25,1e-05,0,42,42.0,direct;legacy_budget;previous_experiment_grid
11,0.25,0.001,1,18,18.25,power_of_two;legacy_budget;previous_experiment_grid
11,0.25,0.0001,1,35,35.25,power_of_two;legacy_budget;previous_experiment_grid
11,0.25,1e-05,1,42,42.25,power_of_two;legacy_budget;previous_experiment_grid
11,0.25,0.001,2,17,17.5,power_of_two;legacy_budget;previous_experiment_grid
11,0.25,0.0001,2,23,23.5,power_of_two;legacy_budget;previous_experiment_grid
11,0.25,1e-05,2,42,42.5,power_of_two;legacy_budget;previous_experiment_grid
11,0.25,0.001,4,17,18.0,power_of_two;legacy_budget;previous_experiment_grid
11,0.25,0.0001,4,22,23.0,power_of_two;legacy_budget;previous_experiment_grid
11,0.25,1e-05,4,42,43.0,power_of_two;legacy_budget;previous_experiment_grid
11,0.25,0.001,8,15,17.0,power_of_two;legacy_budget;previous_experiment_grid
11,0.25,0.0001,8,20,22.0,power_of_two;legacy_budget;previous_experiment_grid
11,0.25,1e-05,8,41,43.0,power_of_two;legacy_budget;previous_experiment_grid
11,0.25,0.001,15,6,9.75,legacy_budget;previous_experiment_grid;local_refinement
11,0.25,0.0001,15,16,19.75,legacy_budget;previous_experiment_grid;local_refinement
11,0.25,1e-05,15,21,24.75,legacy_budget;previous_experiment_grid;local_refinement
11,0.25,0.001,16,5,9.0,power_of_two;legacy_budget;previous_experiment_grid
11,0.25,0.0001,16,14,18.0,power_of_two;legacy_budget;previous_experiment_grid
11,0.25,1e-05,16,20,24.0,power_of_two;legacy_budget;previous_experiment_grid
11,0.25,0.001,17,5,9.25,legacy_budget;previous_experiment_grid;local_refinement
11,0.25,0.0001,17,11,15.25,legacy_budget;previous_experiment_grid;local_refinement
11,0.25,1e-05,17,19,23.25,legacy_budget;previous_experiment_grid;local_refinement
11,0.25,0.001,18,5,9.5,previous_experiment_grid;cost_comparison_switch_budget
11,0.25,0.0001,18,9,13.5,previous_experiment_grid;cost_comparison_switch_budget
11,0.25,1e-05,18,17,21.5,previous_experiment_grid;cost_comparison_switch_budget
11,0.25,0.001,19,5,9.75,local_refinement
11,0.25,0.0001,19,8,12.75,local_refinement
11,0.25,1e-05,19,14,18.75,local_refinement
11,0.25,0.001,32,5,13.0,power_of_two;legacy_budget;previous_experiment_grid
11,0.25,0.0001,32,15,23.0,power_of_two;legacy_budget;previous_experiment_grid
11,0.25,1e-05,32,20,28.0,power_of_two;legacy_budget;previous_experiment_grid
11,0.25,0.001,37,5,14.25,cost_comparison_switch_budget
11,0.25,0.0001,37,14,23.25,cost_comparison_switch_budget
11,0.25,1e-05,37,20,29.25,cost_comparison_switch_budget
11,0.25,0.001,43,5,15.75,cost_comparison_switch_budget
11,0.25,0.0001,43,10,20.75,cost_comparison_switch_budget
11,0.25,1e-05,43,18,28.75,cost_comparison_switch_budget
11,0.25,0.001,64,5,21.0,power_of_two;legacy_budget;previous_experiment_grid
11,0.25,0.0001,64,10,26.0,power_of_two;legacy_budget;previous_experiment_grid
11,0.25,1e-05,64,18,34.0,power_of_two;legacy_budget;previous_experiment_grid
11,0.25,0.001,65,5,21.25,legacy_budget;previous_experiment_grid
11,0.25,0.0001,65,10,26.25,legacy_budget;previous_experiment_grid
11,0.25,1e-05,65,18,34.25,legacy_budget;previous_experiment_grid
11,0.25,0.001,66,5,21.5,legacy_budget;previous_experiment_grid
11,0.25,0.0001,66,10,26.5,legacy_budget;previous_experiment_grid
11,0.25,1e-05,66,18,34.5,legacy_budget;previous_experiment_grid
11,0.25,0.001,115,5,33.75,legacy_budget;previous_experiment_grid
11,0.25,0.0001,115,10,38.75,legacy_budget;previous_experiment_grid
11,0.25,1e-05,115,18,46.75,legacy_budget;previous_experiment_grid
11,0.25,0.001,116,5,34.0,legacy_budget;previous_experiment_grid
11,0.25,0.0001,116,10,39.0,legacy_budget;previous_experiment_grid
11,0.25,1e-05,116,18,47.0,legacy_budget;previous_experiment_grid
11,0.25,0.001,128,5,37.0,power_of_two;legacy_budget;previous_experiment_grid
11,0.25,0.0001,128,10,42.0,power_of_two;legacy_budget;previous_experiment_grid
11,0.25,1e-05,128,18,50.0,power_of_two;legacy_budget;previous_experiment_grid
11,0.25,0.001,186,5,51.5,previous_experiment_grid;previous_online_switch_budget
11,0.25,0.0001,186,10,56.5,previous_experiment_grid;previous_online_switch_budget
11,0.25,1e-05,186,18,64.5,previous_experiment_grid;previous_online_switch_budget
11,0.25,0.001,206,5,56.5,legacy_budget;previous_experiment_grid
11,0.25,0.0001,206,10,61.5,legacy_budget;previous_experiment_grid
11,0.25,1e-05,206,18,69.5,legacy_budget;previous_experiment_grid
11,0.25,0.001,207,5,56.75,legacy_budget;previous_experiment_grid
11,0.25,0.0001,207,10,61.75,legacy_budget;previous_experiment_grid
11,0.25,1e-05,207,18,69.75,legacy_budget;previous_experiment_grid
11,0.25,0.001,223,5,60.75,previous_experiment_grid;initial_certificate_budget
11,0.25,0.0001,223,10,65.75,previous_experiment_grid;initial_certificate_budget
11,0.25,1e-05,223,18,73.75,previous_experiment_grid;initial_certificate_budget
11,0.25,0.001,227,5,61.75,previous_experiment_grid;previous_online_switch_budget
11,0.25,0.0001,227,10,66.75,previous_experiment_grid;previous_online_switch_budget
11,0.25,1e-05,227,18,74.75,previous_experiment_grid;previous_online_switch_budget
11,0.25,0.001,256,5,69.0,power_of_two;previous_experiment_grid
11,0.25,0.0001,256,10,74.0,power_of_two;previous_experiment_grid
11,0.25,1e-05,256,18,82.0,power_of_two;previous_experiment_grid
11,0.25,0.001,268,5,72.0,previous_experiment_grid;previous_online_switch_budget
11,0.25,0.0001,268,10,77.0,previous_experiment_grid;previous_online_switch_budget
11,0.25,1e-05,268,18,85.0,previous_experiment_grid;previous_online_switch_budget
11,0.25,0.001,397,5,104.25,previous_experiment_grid;initial_certificate_budget
11,0.25,0.0001,397,10,109.25,previous_experiment_grid;initial_certificate_budget
11,0.25,1e-05,397,18,117.25,previous_experiment_grid;initial_certificate_budget
11,0.25,0.001,705,5,181.25,previous_experiment_grid;initial_certificate_budget
11,0.25,0.0001,705,10,186.25,previous_experiment_grid;initial_certificate_budget
11,0.25,1e-05,705,18,194.25,previous_experiment_grid;initial_certificate_budget
12,0.05,0.001,0,18,18.0,direct;legacy_budget;previous_experiment_grid
12,0.05,0.0001,0,36,36.0,direct;legacy_budget;previous_experiment_grid
12,0.05,1e-05,0,42,42.0,direct;legacy_budget;previous_experiment_grid
12,0.05,0.001,1,18,18.05,power_of_two;legacy_budget;previous_experiment_grid
12,0.05,0.0001,1,35,35.05,power_of_two;legacy_budget;previous_experiment_grid
12,0.05,1e-05,1,42,42.05,power_of_two;legacy_budget;previous_experiment_grid
12,0.05,0.001,2,17,17.1,power_of_two;legacy_budget;previous_experiment_grid
12,0.05,0.0001,2,23,23.1,power_of_two;legacy_budget;previous_experiment_grid
12,0.05,1e-05,2,42,42.1,power_of_two;legacy_budget;previous_experiment_grid
12,0.05,0.001,4,17,17.2,power_of_two;legacy_budget;previous_experiment_grid
12,0.05,0.0001,4,22,22.2,power_of_two;legacy_budget;previous_experiment_grid
12,0.05,1e-05,4,42,42.2,power_of_two;legacy_budget;previous_experiment_grid
12,0.05,0.001,8,15,15.4,power_of_two;legacy_budget;previous_experiment_grid
12,0.05,0.0001,8,21,21.4,power_of_two;legacy_budget;previous_experiment_grid
12,0.05,1e-05,8,41,41.4,power_of_two;legacy_budget;previous_experiment_grid
12,0.05,0.001,16,11,11.8,power_of_two;legacy_budget;previous_experiment_grid
12,0.05,0.0001,16,18,18.8,power_of_two;legacy_budget;previous_experiment_grid
12,0.05,1e-05,16,37,37.8,power_of_two;legacy_budget;previous_experiment_grid
12,0.05,0.001,29,7,8.45,local_refinement
12,0.05,0.0001,29,13,14.45,local_refinement
12,0.05,1e-05,29,18,19.45,local_refinement
12,0.05,0.001,30,7,8.5,previous_experiment_grid
12,0.05,0.0001,30,13,14.5,previous_experiment_grid
12,0.05,1e-05,30,18,19.5,previous_experiment_grid
12,0.05,0.001,31,7,8.55,legacy_budget;previous_experiment_grid;local_refinement
12,0.05,0.0001,31,13,14.55,legacy_budget;previous_experiment_grid;local_refinement
12,0.05,1e-05,31,18,19.55,legacy_budget;previous_experiment_grid;local_refinement
12,0.05,0.001,32,7,8.6,power_of_two;legacy_budget;previous_experiment_grid
12,0.05,0.0001,32,13,14.6,power_of_two;legacy_budget;previous_experiment_grid
12,0.05,1e-05,32,18,19.6,power_of_two;legacy_budget;previous_experiment_grid
12,0.05,0.001,33,7,8.65,legacy_budget;previous_experiment_grid
12,0.05,0.0001,33,13,14.65,legacy_budget;previous_experiment_grid
12,0.05,1e-05,33,19,20.65,legacy_budget;previous_experiment_grid
12,0.05,0.001,39,7,8.95,cost_comparison_switch_budget
12,0.05,0.0001,39,13,14.95,cost_comparison_switch_budget
12,0.05,1e-05,39,20,21.95,cost_comparison_switch_budget
12,0.05,0.001,44,7,9.2,cost_comparison_switch_budget
12,0.05,0.0001,44,14,16.2,cost_comparison_switch_budget
12,0.05,1e-05,44,22,24.2,cost_comparison_switch_budget
12,0.05,0.001,64,7,10.2,power_of_two;legacy_budget;previous_experiment_grid;cost_comparison_switch_budget
12,0.05,0.0001,64,14,17.2,power_of_two;legacy_budget;previous_experiment_grid;cost_comparison_switch_budget
12,0.05,1e-05,64,21,24.2,power_of_two;legacy_budget;previous_experiment_grid;cost_comparison_switch_budget
12,0.05,0.001,128,7,13.4,power_of_two;legacy_budget;previous_experiment_grid
12,0.05,0.0001,128,14,20.4,power_of_two;legacy_budget;previous_experiment_grid
12,0.05,1e-05,128,21,27.4,power_of_two;legacy_budget;previous_experiment_grid
12,0.05,0.001,142,7,14.100000000000001,legacy_budget;previous_experiment_grid
12,0.05,0.0001,142,14,21.1,legacy_budget;previous_experiment_grid
12,0.05,1e-05,142,21,28.1,legacy_budget;previous_experiment_grid
12,0.05,0.001,143,7,14.15,legacy_budget;previous_experiment_grid
12,0.05,0.0001,143,14,21.15,legacy_budget;previous_experiment_grid
12,0.05,1e-05,143,21,28.15,legacy_budget;previous_experiment_grid
12,0.05,0.001,249,7,19.450000000000003,previous_experiment_grid;previous_online_switch_budget
12,0.05,0.0001,249,14,26.450000000000003,previous_experiment_grid;previous_online_switch_budget
12,0.05,1e-05,249,21,33.45,previous_experiment_grid;previous_online_switch_budget
12,0.05,0.001,253,7,19.65,legacy_budget;previous_experiment_grid
12,0.05,0.0001,253,14,26.65,legacy_budget;previous_experiment_grid
12,0.05,1e-05,253,21,33.65,legacy_budget;previous_experiment_grid
12,0.05,0.001,254,7,19.700000000000003,legacy_budget;previous_experiment_grid
12,0.05,0.0001,254,14,26.700000000000003,legacy_budget;previous_experiment_grid
12,0.05,1e-05,254,21,33.7,legacy_budget;previous_experiment_grid
12,0.05,0.001,256,7,19.8,power_of_two;legacy_budget;previous_experiment_grid
12,0.05,0.0001,256,14,26.8,power_of_two;legacy_budget;previous_experiment_grid
12,0.05,1e-05,256,21,33.8,power_of_two;legacy_budget;previous_experiment_grid
12,0.05,0.001,269,7,20.450000000000003,previous_experiment_grid;previous_online_switch_budget
12,0.05,0.0001,269,14,27.450000000000003,previous_experiment_grid;previous_online_switch_budget
12,0.05,1e-05,269,21,34.45,previous_experiment_grid;previous_online_switch_budget
12,0.05,0.001,310,7,22.5,previous_experiment_grid;previous_online_switch_budget
12,0.05,0.0001,310,14,29.5,previous_experiment_grid;previous_online_switch_budget
12,0.05,1e-05,310,21,36.5,previous_experiment_grid;previous_online_switch_budget
12,0.05,0.001,450,7,29.5,legacy_budget;previous_experiment_grid
12,0.05,0.0001,450,14,36.5,legacy_budget;previous_experiment_grid
12,0.05,1e-05,450,21,43.5,legacy_budget;previous_experiment_grid
12,0.05,0.001,451,7,29.55,legacy_budget;previous_experiment_grid
12,0.05,0.0001,451,14,36.55,legacy_budget;previous_experiment_grid
12,0.05,1e-05,451,21,43.55,legacy_budget;previous_experiment_grid
12,0.05,0.001,512,7,32.6,power_of_two;legacy_budget;previous_experiment_grid
12,0.05,0.0001,512,14,39.6,power_of_two;legacy_budget;previous_experiment_grid
12,0.05,1e-05,512,21,46.6,power_of_two;legacy_budget;previous_experiment_grid
12,0.05,0.001,542,7,34.1,previous_experiment_grid;initial_certificate_budget
12,0.05,0.0001,542,14,41.1,previous_experiment_grid;initial_certificate_budget
12,0.05,1e-05,542,21,48.1,previous_experiment_grid;initial_certificate_budget
12,0.05,0.001,964,7,55.2,previous_experiment_grid;initial_certificate_budget
12,0.05,0.0001,964,14,62.2,previous_experiment_grid;initial_certificate_budget
12,0.05,1e-05,964,21,69.2,previous_experiment_grid;initial_certificate_budget
12,0.05,0.001,1024,7,58.2,power_of_two;previous_experiment_grid
12,0.05,0.0001,1024,14,65.2,power_of_two;previous_experiment_grid
12,0.05,1e-05,1024,21,72.2,power_of_two;previous_experiment_grid
12,0.05,0.001,1714,7,92.7,previous_experiment_grid;initial_certificate_budget
12,0.05,0.0001,1714,14,99.7,previous_experiment_grid;initial_certificate_budget
12,0.05,1e-05,1714,21,106.7,previous_experiment_grid;initial_certificate_budget
12,0.15,0.001,0,18,18.0,direct;legacy_budget;previous_experiment_grid
12,0.15,0.0001,0,36,36.0,direct;legacy_budget;previous_experiment_grid
12,0.15,1e-05,0,42,42.0,direct;legacy_budget;previous_experiment_grid
12,0.15,0.001,1,18,18.15,power_of_two;legacy_budget;previous_experiment_grid
12,0.15,0.0001,1,35,35.15,power_of_two;legacy_budget;previous_experiment_grid
12,0.15,1e-05,1,42,42.15,power_of_two;legacy_budget;previous_experiment_grid
12,0.15,0.001,2,17,17.3,power_of_two;legacy_budget;previous_experiment_grid
12,0.15,0.0001,2,23,23.3,power_of_two;legacy_budget;previous_experiment_grid
12,0.15,1e-05,2,42,42.3,power_of_two;legacy_budget;previous_experiment_grid
12,0.15,0.001,4,17,17.6,power_of_two;legacy_budget;previous_experiment_grid
12,0.15,0.0001,4,22,22.6,power_of_two;legacy_budget;previous_experiment_grid
12,0.15,1e-05,4,42,42.6,power_of_two;legacy_budget;previous_experiment_grid
12,0.15,0.001,8,15,16.2,power_of_two;legacy_budget;previous_experiment_grid
12,0.15,0.0001,8,20,21.2,power_of_two;legacy_budget;previous_experiment_grid
12,0.15,1e-05,8,41,42.2,power_of_two;legacy_budget;previous_experiment_grid
12,0.15,0.001,15,9,11.25,legacy_budget;previous_experiment_grid
12,0.15,0.0001,15,18,20.25,legacy_budget;previous_experiment_grid
12,0.15,1e-05,15,22,24.25,legacy_budget;previous_experiment_grid
12,0.15,0.001,16,8,10.4,power_of_two;legacy_budget;previous_experiment_grid
12,0.15,0.0001,16,17,19.4,power_of_two;legacy_budget;previous_experiment_grid
12,0.15,1e-05,16,21,23.4,power_of_two;legacy_budget;previous_experiment_grid
12,0.15,0.001,17,7,9.55,legacy_budget;previous_experiment_grid
12,0.15,0.0001,17,16,18.55,legacy_budget;previous_experiment_grid
12,0.15,1e-05,17,21,23.55,legacy_budget;previous_experiment_grid
12,0.15,0.001,20,6,9.0,cost_comparison_switch_budget
12,0.15,0.0001,20,11,14.0,cost_comparison_switch_budget
12,0.15,1e-05,20,19,22.0,cost_comparison_switch_budget
12,0.15,0.001,29,5,9.35,local_refinement
12,0.15,0.0001,29,8,12.35,local_refinement
12,0.15,1e-05,29,16,20.35,local_refinement
12,0.15,0.001,30,5,9.5,previous_experiment_grid
12,0.15,0.0001,30,8,12.5,previous_experiment_grid
12,0.15,1e-05,30,16,20.5,previous_experiment_grid
12,0.15,0.001,31,5,9.649999999999999,legacy_budget;previous_experiment_grid;local_refinement
12,0.15,0.0001,31,8,12.649999999999999,legacy_budget;previous_experiment_grid;local_refinement
12,0.15,1e-05,31,16,20.65,legacy_budget;previous_experiment_grid;local_refinement
12,0.15,0.001,32,5,9.8,power_of_two;legacy_budget;previous_experiment_grid
12,0.15,0.0001,32,9,13.8,power_of_two;legacy_budget;previous_experiment_grid
12,0.15,1e-05,32,16,20.8,power_of_two;legacy_budget;previous_experiment_grid
12,0.15,0.001,33,5,9.95,legacy_budget;previous_experiment_grid
12,0.15,0.0001,33,9,13.95,legacy_budget;previous_experiment_grid
12,0.15,1e-05,33,16,20.95,legacy_budget;previous_experiment_grid
12,0.15,0.001,38,5,10.7,local_refinement
12,0.15,0.0001,38,8,13.7,local_refinement
12,0.15,1e-05,38,15,20.7,local_refinement
12,0.15,0.001,39,5,10.85,cost_comparison_switch_budget
12,0.15,0.0001,39,8,13.85,cost_comparison_switch_budget
12,0.15,1e-05,39,15,20.85,cost_comparison_switch_budget
12,0.15,0.001,40,5,11.0,local_refinement
12,0.15,0.0001,40,8,14.0,local_refinement
12,0.15,1e-05,40,15,21.0,local_refinement
12,0.15,0.001,61,5,14.15,cost_comparison_switch_budget
12,0.15,0.0001,61,8,17.15,cost_comparison_switch_budget
12,0.15,1e-05,61,15,24.15,cost_comparison_switch_budget
12,0.15,0.001,64,5,14.6,power_of_two;legacy_budget;previous_experiment_grid
12,0.15,0.0001,64,8,17.6,power_of_two;legacy_budget;previous_experiment_grid
12,0.15,1e-05,64,15,24.6,power_of_two;legacy_budget;previous_experiment_grid
12,0.15,0.001,82,5,17.299999999999997,legacy_budget;previous_experiment_grid
12,0.15,0.0001,82,8,20.299999999999997,legacy_budget;previous_experiment_grid
12,0.15,1e-05,82,15,27.299999999999997,legacy_budget;previous_experiment_grid
12,0.15,0.001,83,5,17.45,legacy_budget;previous_experiment_grid
12,0.15,0.0001,83,8,20.45,legacy_budget;previous_experiment_grid
12,0.15,1e-05,83,15,27.45,legacy_budget;previous_experiment_grid
12,0.15,0.001,128,5,24.2,power_of_two;legacy_budget;previous_experiment_grid
12,0.15,0.0001,128,8,27.2,power_of_two;legacy_budget;previous_experiment_grid
12,0.15,1e-05,128,15,34.2,power_of_two;legacy_budget;previous_experiment_grid
12,0.15,0.001,146,5,26.9,legacy_budget;previous_experiment_grid
12,0.15,0.0001,146,8,29.9,legacy_budget;previous_experiment_grid
12,0.15,1e-05,146,15,36.9,legacy_budget;previous_experiment_grid
12,0.15,0.001,147,5,27.05,legacy_budget;previous_experiment_grid
12,0.15,0.0001,147,8,30.05,legacy_budget;previous_experiment_grid
12,0.15,1e-05,147,15,37.05,legacy_budget;previous_experiment_grid
12,0.15,0.001,185,5,32.75,previous_experiment_grid;previous_online_switch_budget
12,0.15,0.0001,185,8,35.75,previous_experiment_grid;previous_online_switch_budget
12,0.15,1e-05,185,15,42.75,previous_experiment_grid;previous_online_switch_budget
12,0.15,0.001,246,5,41.9,previous_experiment_grid;previous_online_switch_budget
12,0.15,0.0001,246,8,44.9,previous_experiment_grid;previous_online_switch_budget
12,0.15,1e-05,246,15,51.9,previous_experiment_grid;previous_online_switch_budget
12,0.15,0.001,256,5,43.4,power_of_two;legacy_budget;previous_experiment_grid
12,0.15,0.0001,256,8,46.4,power_of_two;legacy_budget;previous_experiment_grid
12,0.15,1e-05,256,15,53.4,power_of_two;legacy_budget;previous_experiment_grid
12,0.15,0.001,259,5,43.85,legacy_budget;previous_experiment_grid
12,0.15,0.0001,259,8,46.85,legacy_budget;previous_experiment_grid
12,0.15,1e-05,259,15,53.85,legacy_budget;previous_experiment_grid
12,0.15,0.001,260,5,44.0,legacy_budget;previous_experiment_grid
12,0.15,0.0001,260,8,47.0,legacy_budget;previous_experiment_grid
12,0.15,1e-05,260,15,54.0,legacy_budget;previous_experiment_grid
12,0.15,0.001,286,5,47.9,previous_experiment_grid;previous_online_switch_budget
12,0.15,0.0001,286,8,50.9,previous_experiment_grid;previous_online_switch_budget
12,0.15,1e-05,286,15,57.9,previous_experiment_grid;previous_online_switch_budget
12,0.15,0.001,292,5,48.8,previous_experiment_grid;initial_certificate_budget
12,0.15,0.0001,292,8,51.8,previous_experiment_grid;initial_certificate_budget
12,0.15,1e-05,292,15,58.8,previous_experiment_grid;initial_certificate_budget
12,0.15,0.001,512,5,81.8,power_of_two;previous_experiment_grid
12,0.15,0.0001,512,8,84.8,power_of_two;previous_experiment_grid
12,0.15,1e-05,512,15,91.8,power_of_two;previous_experiment_grid
12,0.15,0.001,519,5,82.85,previous_experiment_grid;initial_certificate_budget
12,0.15,0.0001,519,8,85.85,previous_experiment_grid;initial_certificate_budget
12,0.15,1e-05,519,15,92.85,previous_experiment_grid;initial_certificate_budget
12,0.15,0.001,923,5,143.45,previous_experiment_grid;initial_certificate_budget
12,0.15,0.0001,923,8,146.45,previous_experiment_grid;initial_certificate_budget
12,0.15,1e-05,923,15,153.45,previous_experiment_grid;initial_certificate_budget
12,0.25,0.001,0,18,18.0,direct;legacy_budget;previous_experiment_grid
12,0.25,0.0001,0,36,36.0,direct;legacy_budget;previous_experiment_grid
12,0.25,1e-05,0,42,42.0,direct;legacy_budget;previous_experiment_grid
12,0.25,0.001,1,18,18.25,power_of_two;legacy_budget;previous_experiment_grid
12,0.25,0.0001,1,35,35.25,power_of_two;legacy_budget;previous_experiment_grid
12,0.25,1e-05,1,42,42.25,power_of_two;legacy_budget;previous_experiment_grid
12,0.25,0.001,2,17,17.5,power_of_two;legacy_budget;previous_experiment_grid
12,0.25,0.0001,2,23,23.5,power_of_two;legacy_budget;previous_experiment_grid
12,0.25,1e-05,2,42,42.5,power_of_two;legacy_budget;previous_experiment_grid
12,0.25,0.001,4,17,18.0,power_of_two;legacy_budget;previous_experiment_grid
12,0.25,0.0001,4,22,23.0,power_of_two;legacy_budget;previous_experiment_grid
12,0.25,1e-05,4,42,43.0,power_of_two;legacy_budget;previous_experiment_grid
12,0.25,0.001,8,15,17.0,power_of_two;legacy_budget;previous_experiment_grid
12,0.25,0.0001,8,20,22.0,power_of_two;legacy_budget;previous_experiment_grid
12,0.25,1e-05,8,41,43.0,power_of_two;legacy_budget;previous_experiment_grid
12,0.25,0.001,15,9,12.75,legacy_budget;previous_experiment_grid
12,0.25,0.0001,15,18,21.75,legacy_budget;previous_experiment_grid
12,0.25,1e-05,15,22,25.75,legacy_budget;previous_experiment_grid
12,0.25,0.001,16,8,12.0,power_of_two;legacy_budget;previous_experiment_grid
12,0.25,0.0001,16,17,21.0,power_of_two;legacy_budget;previous_experiment_grid
12,0.25,1e-05,16,21,25.0,power_of_two;legacy_budget;previous_experiment_grid
12,0.25,0.001,17,7,11.25,legacy_budget;previous_experiment_grid
12,0.25,0.0001,17,16,20.25,legacy_budget;previous_experiment_grid
12,0.25,1e-05,17,21,25.25,legacy_budget;previous_experiment_grid
12,0.25,0.001,18,6,10.5,cost_comparison_switch_budget
12,0.25,0.0001,18,15,19.5,cost_comparison_switch_budget
12,0.25,1e-05,18,21,25.5,cost_comparison_switch_budget
12,0.25,0.001,29,4,11.25,local_refinement
12,0.25,0.0001,29,7,14.25,local_refinement
12,0.25,1e-05,29,12,19.25,local_refinement
12,0.25,0.001,30,4,11.5,previous_experiment_grid
12,0.25,0.0001,30,7,14.5,previous_experiment_grid
12,0.25,1e-05,30,12,19.5,previous_experiment_grid
12,0.25,0.001,31,4,11.75,legacy_budget;previous_experiment_grid;local_refinement
12,0.25,0.0001,31,7,14.75,legacy_budget;previous_experiment_grid;local_refinement
12,0.25,1e-05,31,12,19.75,legacy_budget;previous_experiment_grid;local_refinement
12,0.25,0.001,32,4,12.0,power_of_two;legacy_budget;previous_experiment_grid
12,0.25,0.0001,32,7,15.0,power_of_two;legacy_budget;previous_experiment_grid
12,0.25,1e-05,32,12,20.0,power_of_two;legacy_budget;previous_experiment_grid
12,0.25,0.001,33,4,12.25,legacy_budget;previous_experiment_grid
12,0.25,0.0001,33,7,15.25,legacy_budget;previous_experiment_grid
12,0.25,1e-05,33,12,20.25,legacy_budget;previous_experiment_grid
12,0.25,0.001,34,4,12.5,cost_comparison_switch_budget
12,0.25,0.0001,34,7,15.5,cost_comparison_switch_budget
12,0.25,1e-05,34,12,20.5,cost_comparison_switch_budget
12,0.25,0.001,42,4,14.5,cost_comparison_switch_budget
12,0.25,0.0001,42,8,18.5,cost_comparison_switch_budget
12,0.25,1e-05,42,15,25.5,cost_comparison_switch_budget
12,0.25,0.001,63,4,19.75,legacy_budget;previous_experiment_grid
12,0.25,0.0001,63,8,23.75,legacy_budget;previous_experiment_grid
12,0.25,1e-05,63,16,31.75,legacy_budget;previous_experiment_grid
12,0.25,0.001,64,4,20.0,power_of_two;legacy_budget;previous_experiment_grid
12,0.25,0.0001,64,8,24.0,power_of_two;legacy_budget;previous_experiment_grid
12,0.25,1e-05,64,16,32.0,power_of_two;legacy_budget;previous_experiment_grid
12,0.25,0.001,112,4,32.0,legacy_budget;previous_experiment_grid
12,0.25,0.0001,112,8,36.0,legacy_budget;previous_experiment_grid
12,0.25,1e-05,112,15,43.0,legacy_budget;previous_experiment_grid
12,0.25,0.001,113,4,32.25,legacy_budget;previous_experiment_grid
12,0.25,0.0001,113,8,36.25,legacy_budget;previous_experiment_grid
12,0.25,1e-05,113,15,43.25,legacy_budget;previous_experiment_grid
12,0.25,0.001,128,4,36.0,power_of_two;legacy_budget;previous_experiment_grid
12,0.25,0.0001,128,8,40.0,power_of_two;legacy_budget;previous_experiment_grid
12,0.25,1e-05,128,16,48.0,power_of_two;legacy_budget;previous_experiment_grid
12,0.25,0.001,185,4,50.25,previous_experiment_grid;previous_online_switch_budget
12,0.25,0.0001,185,8,54.25,previous_experiment_grid;previous_online_switch_budget
12,0.25,1e-05,185,16,62.25,previous_experiment_grid;previous_online_switch_budget
12,0.25,0.001,199,4,53.75,legacy_budget;previous_experiment_grid
12,0.25,0.0001,199,8,57.75,legacy_budget;previous_experiment_grid
12,0.25,1e-05,199,16,65.75,legacy_budget;previous_experiment_grid
12,0.25,0.001,200,4,54.0,legacy_budget;previous_experiment_grid
12,0.25,0.0001,200,8,58.0,legacy_budget;previous_experiment_grid
12,0.25,1e-05,200,16,66.0,legacy_budget;previous_experiment_grid
12,0.25,0.001,223,4,59.75,previous_experiment_grid;initial_certificate_budget
12,0.25,0.0001,223,8,63.75,previous_experiment_grid;initial_certificate_budget
12,0.25,1e-05,223,16,71.75,previous_experiment_grid;initial_certificate_budget
12,0.25,0.001,226,4,60.5,previous_experiment_grid;previous_online_switch_budget
12,0.25,0.0001,226,8,64.5,previous_experiment_grid;previous_online_switch_budget
12,0.25,1e-05,226,16,72.5,previous_experiment_grid;previous_online_switch_budget
12,0.25,0.001,256,4,68.0,power_of_two;previous_experiment_grid
12,0.25,0.0001,256,8,72.0,power_of_two;previous_experiment_grid
12,0.25,1e-05,256,16,80.0,power_of_two;previous_experiment_grid
12,0.25,0.001,266,4,70.5,previous_experiment_grid;previous_online_switch_budget
12,0.25,0.0001,266,8,74.5,previous_experiment_grid;previous_online_switch_budget
12,0.25,1e-05,266,16,82.5,previous_experiment_grid;previous_online_switch_budget
12,0.25,0.001,397,4,103.25,previous_experiment_grid;initial_certificate_budget
12,0.25,0.0001,397,8,107.25,previous_experiment_grid;initial_certificate_budget
12,0.25,1e-05,397,16,115.25,previous_experiment_grid;initial_certificate_budget
12,0.25,0.001,705,4,180.25,previous_experiment_grid;initial_certificate_budget
12,0.25,0.0001,705,8,184.25,previous_experiment_grid;initial_certificate_budget
12,0.25,1e-05,705,16,192.25,previous_experiment_grid;initial_certificate_budget
13,0.05,0.001,0,18,18.0,direct;legacy_budget;previous_experiment_grid
13,0.05,0.0001,0,36,36.0,direct;legacy_budget;previous_experiment_grid
13,0.05,1e-05,0,42,42.0,direct;legacy_budget;previous_experiment_grid
13,0.05,0.001,1,18,18.05,power_of_two;legacy_budget;previous_experiment_grid
13,0.05,0.0001,1,35,35.05,power_of_two;legacy_budget;previous_experiment_grid
13,0.05,1e-05,1,42,42.05,power_of_two;legacy_budget;previous_experiment_grid
13,0.05,0.001,2,17,17.1,power_of_two;legacy_budget;previous_experiment_grid
13,0.05,0.0001,2,35,35.1,power_of_two;legacy_budget;previous_experiment_grid
13,0.05,1e-05,2,42,42.1,power_of_two;legacy_budget;previous_experiment_grid
13,0.05,0.001,4,17,17.2,power_of_two;legacy_budget;previous_experiment_grid
13,0.05,0.0001,4,22,22.2,power_of_two;legacy_budget;previous_experiment_grid
13,0.05,1e-05,4,42,42.2,power_of_two;legacy_budget;previous_experiment_grid
13,0.05,0.001,8,15,15.4,power_of_two;legacy_budget;previous_experiment_grid
13,0.05,0.0001,8,21,21.4,power_of_two;legacy_budget;previous_experiment_grid
13,0.05,1e-05,8,41,41.4,power_of_two;legacy_budget;previous_experiment_grid
13,0.05,0.001,16,10,10.8,power_of_two;legacy_budget;previous_experiment_grid
13,0.05,0.0001,16,17,17.8,power_of_two;legacy_budget;previous_experiment_grid
13,0.05,1e-05,16,35,35.8,power_of_two;legacy_budget;previous_experiment_grid
13,0.05,0.001,29,8,9.45,local_refinement
13,0.05,0.0001,29,13,14.45,local_refinement
13,0.05,1e-05,29,26,27.45,local_refinement
13,0.05,0.001,30,8,9.5,previous_experiment_grid
13,0.05,0.0001,30,14,15.5,previous_experiment_grid
13,0.05,1e-05,30,26,27.5,previous_experiment_grid
13,0.05,0.001,31,8,9.55,legacy_budget;previous_experiment_grid;local_refinement
13,0.05,0.0001,31,14,15.55,legacy_budget;previous_experiment_grid;local_refinement
13,0.05,1e-05,31,26,27.55,legacy_budget;previous_experiment_grid;local_refinement
13,0.05,0.001,32,8,9.6,power_of_two;legacy_budget;previous_experiment_grid
13,0.05,0.0001,32,14,15.6,power_of_two;legacy_budget;previous_experiment_grid
13,0.05,1e-05,32,26,27.6,power_of_two;legacy_budget;previous_experiment_grid
13,0.05,0.001,33,9,10.65,legacy_budget;previous_experiment_grid
13,0.05,0.0001,33,14,15.65,legacy_budget;previous_experiment_grid
13,0.05,1e-05,33,26,27.65,legacy_budget;previous_experiment_grid
13,0.05,0.001,39,9,10.95,cost_comparison_switch_budget
13,0.05,0.0001,39,14,15.95,cost_comparison_switch_budget
13,0.05,1e-05,39,27,28.95,cost_comparison_switch_budget
13,0.05,0.001,44,9,11.2,cost_comparison_switch_budget
13,0.05,0.0001,44,14,16.2,cost_comparison_switch_budget
13,0.05,1e-05,44,26,28.2,cost_comparison_switch_budget
13,0.05,0.001,62,8,11.1,local_refinement
13,0.05,0.0001,62,13,16.1,local_refinement
13,0.05,1e-05,62,26,29.1,local_refinement
13,0.05,0.001,63,8,11.15,previous_experiment_grid;cost_comparison_switch_budget
13,0.05,0.0001,63,13,16.15,previous_experiment_grid;cost_comparison_switch_budget
13,0.05,1e-05,63,26,29.15,previous_experiment_grid;cost_comparison_switch_budget
13,0.05,0.001,64,8,11.2,power_of_two;legacy_budget;previous_experiment_grid;local_refinement
13,0.05,0.0001,64,13,16.2,power_of_two;legacy_budget;previous_experiment_grid;local_refinement
13,0.05,1e-05,64,26,29.2,power_of_two;legacy_budget;previous_experiment_grid;local_refinement
13,0.05,0.001,65,8,11.25,previous_experiment_grid
13,0.05,0.0001,65,13,16.25,previous_experiment_grid
13,0.05,1e-05,65,26,29.25,previous_experiment_grid
13,0.05,0.001,128,8,14.4,power_of_two;legacy_budget;previous_experiment_grid
13,0.05,0.0001,128,13,19.4,power_of_two;legacy_budget;previous_experiment_grid
13,0.05,1e-05,128,26,32.4,power_of_two;legacy_budget;previous_experiment_grid
13,0.05,0.001,140,8,15.0,legacy_budget;previous_experiment_grid
13,0.05,0.0001,140,13,20.0,legacy_budget;previous_experiment_grid
13,0.05,1e-05,140,26,33.0,legacy_budget;previous_experiment_grid
13,0.05,0.001,141,8,15.05,legacy_budget;previous_experiment_grid
13,0.05,0.0001,141,13,20.05,legacy_budget;previous_experiment_grid
13,0.05,1e-05,141,26,33.05,legacy_budget;previous_experiment_grid
13,0.05,0.001,206,8,18.3,previous_experiment_grid;previous_online_switch_budget
13,0.05,0.0001,206,13,23.3,previous_experiment_grid;previous_online_switch_budget
13,0.05,1e-05,206,26,36.3,previous_experiment_grid;previous_online_switch_budget
13,0.05,0.001,249,8,20.450000000000003,legacy_budget;previous_experiment_grid
13,0.05,0.0001,249,13,25.450000000000003,legacy_budget;previous_experiment_grid
13,0.05,1e-05,249,26,38.45,legacy_budget;previous_experiment_grid
13,0.05,0.001,250,8,20.5,legacy_budget;previous_experiment_grid
13,0.05,0.0001,250,13,25.5,legacy_budget;previous_experiment_grid
13,0.05,1e-05,250,26,38.5,legacy_budget;previous_experiment_grid
13,0.05,0.001,256,8,20.8,power_of_two;legacy_budget;previous_experiment_grid
13,0.05,0.0001,256,13,25.8,power_of_two;legacy_budget;previous_experiment_grid
13,0.05,1e-05,256,26,38.8,power_of_two;legacy_budget;previous_experiment_grid
13,0.05,0.001,287,8,22.35,previous_experiment_grid;previous_online_switch_budget
13,0.05,0.0001,287,13,27.35,previous_experiment_grid;previous_online_switch_budget
13,0.05,1e-05,287,26,40.35,previous_experiment_grid;previous_online_switch_budget
13,0.05,0.001,368,8,26.400000000000002,previous_experiment_grid;previous_online_switch_budget
13,0.05,0.0001,368,13,31.400000000000002,previous_experiment_grid;previous_online_switch_budget
13,0.05,1e-05,368,26,44.400000000000006,previous_experiment_grid;previous_online_switch_budget
13,0.05,0.001,444,8,30.200000000000003,legacy_budget;previous_experiment_grid
13,0.05,0.0001,444,13,35.2,legacy_budget;previous_experiment_grid
13,0.05,1e-05,444,26,48.2,legacy_budget;previous_experiment_grid
13,0.05,0.001,445,8,30.25,legacy_budget;previous_experiment_grid
13,0.05,0.0001,445,13,35.25,legacy_budget;previous_experiment_grid
13,0.05,1e-05,445,26,48.25,legacy_budget;previous_experiment_grid
13,0.05,0.001,470,8,31.5,previous_experiment_grid;initial_certificate_budget
13,0.05,0.0001,470,13,36.5,previous_experiment_grid;initial_certificate_budget
13,0.05,1e-05,470,26,49.5,previous_experiment_grid;initial_certificate_budget
13,0.05,0.001,512,8,33.6,power_of_two;legacy_budget;previous_experiment_grid
13,0.05,0.0001,512,13,38.6,power_of_two;legacy_budget;previous_experiment_grid
13,0.05,1e-05,512,26,51.6,power_of_two;legacy_budget;previous_experiment_grid
13,0.05,0.001,836,8,49.800000000000004,previous_experiment_grid;initial_certificate_budget
13,0.05,0.0001,836,13,54.800000000000004,previous_experiment_grid;initial_certificate_budget
13,0.05,1e-05,836,26,67.80000000000001,previous_experiment_grid;initial_certificate_budget
13,0.05,0.001,1024,8,59.2,power_of_two;previous_experiment_grid
13,0.05,0.0001,1024,13,64.2,power_of_two;previous_experiment_grid
13,0.05,1e-05,1024,26,77.2,power_of_two;previous_experiment_grid
13,0.05,0.001,1486,8,82.3,previous_experiment_grid;initial_certificate_budget
13,0.05,0.0001,1486,13,87.3,previous_experiment_grid;initial_certificate_budget
13,0.05,1e-05,1486,26,100.3,previous_experiment_grid;initial_certificate_budget
13,0.15,0.001,0,18,18.0,direct;legacy_budget;previous_experiment_grid
13,0.15,0.0001,0,36,36.0,direct;legacy_budget;previous_experiment_grid
13,0.15,1e-05,0,42,42.0,direct;legacy_budget;previous_experiment_grid
13,0.15,0.001,1,18,18.15,power_of_two;legacy_budget;previous_experiment_grid
13,0.15,0.0001,1,35,35.15,power_of_two;legacy_budget;previous_experiment_grid
13,0.15,1e-05,1,42,42.15,power_of_two;legacy_budget;previous_experiment_grid
13,0.15,0.001,2,17,17.3,power_of_two;legacy_budget;previous_experiment_grid
13,0.15,0.0001,2,23,23.3,power_of_two;legacy_budget;previous_experiment_grid
13,0.15,1e-05,2,42,42.3,power_of_two;legacy_budget;previous_experiment_grid
13,0.15,0.001,4,17,17.6,power_of_two;legacy_budget;previous_experiment_grid
13,0.15,0.0001,4,22,22.6,power_of_two;legacy_budget;previous_experiment_grid
13,0.15,1e-05,4,42,42.6,power_of_two;legacy_budget;previous_experiment_grid
13,0.15,0.001,8,15,16.2,power_of_two;legacy_budget;previous_experiment_grid
13,0.15,0.0001,8,20,21.2,power_of_two;legacy_budget;previous_experiment_grid
13,0.15,1e-05,8,41,42.2,power_of_two;legacy_budget;previous_experiment_grid
13,0.15,0.001,15,8,10.25,legacy_budget;previous_experiment_grid
13,0.15,0.0001,15,17,19.25,legacy_budget;previous_experiment_grid
13,0.15,1e-05,15,22,24.25,legacy_budget;previous_experiment_grid
13,0.15,0.001,16,8,10.4,power_of_two;legacy_budget;previous_experiment_grid
13,0.15,0.0001,16,15,17.4,power_of_two;legacy_budget;previous_experiment_grid
13,0.15,1e-05,16,22,24.4,power_of_two;legacy_budget;previous_experiment_grid
13,0.15,0.001,17,7,9.55,legacy_budget;previous_experiment_grid
13,0.15,0.0001,17,14,16.55,legacy_budget;previous_experiment_grid
13,0.15,1e-05,17,21,23.55,legacy_budget;previous_experiment_grid
13,0.15,0.001,18,7,9.7,previous_experiment_grid
13,0.15,0.0001,18,12,14.7,previous_experiment_grid
13,0.15,1e-05,18,21,23.7,previous_experiment_grid
13,0.15,0.001,19,6,8.85,local_refinement
13,0.15,0.0001,19,11,13.85,local_refinement
13,0.15,1e-05,19,21,23.85,local_refinement
13,0.15,0.001,20,6,9.0,cost_comparison_switch_budget
13,0.15,0.0001,20,11,14.0,cost_comparison_switch_budget
13,0.15,1e-05,20,20,23.0,cost_comparison_switch_budget
13,0.15,0.001,21,6,9.15,local_refinement
13,0.15,0.0001,21,10,13.15,local_refinement
13,0.15,1e-05,21,13,16.15,local_refinement
13,0.15,0.001,31,6,10.649999999999999,legacy_budget;previous_experiment_grid
13,0.15,0.0001,31,13,17.65,legacy_budget;previous_experiment_grid
13,0.15,1e-05,31,21,25.65,legacy_budget;previous_experiment_grid
13,0.15,0.001,32,6,10.8,power_of_two;legacy_budget;previous_experiment_grid
13,0.15,0.0001,32,13,17.8,power_of_two;legacy_budget;previous_experiment_grid
13,0.15,1e-05,32,21,25.8,power_of_two;legacy_budget;previous_experiment_grid
13,0.15,0.001,33,6,10.95,legacy_budget;previous_experiment_grid
13,0.15,0.0001,33,13,17.95,legacy_budget;previous_experiment_grid
13,0.15,1e-05,33,21,25.95,legacy_budget;previous_experiment_grid
13,0.15,0.001,40,6,12.0,cost_comparison_switch_budget
13,0.15,0.0001,40,12,18.0,cost_comparison_switch_budget
13,0.15,1e-05,40,20,26.0,cost_comparison_switch_budget
13,0.15,0.001,62,6,15.299999999999999,cost_comparison_switch_budget
13,0.15,0.0001,62,10,19.299999999999997,cost_comparison_switch_budget
13,0.15,1e-05,62,19,28.299999999999997,cost_comparison_switch_budget
13,0.15,0.001,64,6,15.6,power_of_two;legacy_budget;previous_experiment_grid
13,0.15,0.0001,64,11,20.6,power_of_two;legacy_budget;previous_experiment_grid
13,0.15,1e-05,64,19,28.6,power_of_two;legacy_budget;previous_experiment_grid
13,0.15,0.001,83,6,18.45,legacy_budget;previous_experiment_grid
13,0.15,0.0001,83,11,23.45,legacy_budget;previous_experiment_grid
13,0.15,1e-05,83,19,31.45,legacy_budget;previous_experiment_grid
13,0.15,0.001,84,6,18.6,legacy_budget;previous_experiment_grid
13,0.15,0.0001,84,11,23.6,legacy_budget;previous_experiment_grid
13,0.15,1e-05,84,19,31.6,legacy_budget;previous_experiment_grid
13,0.15,0.001,128,6,25.2,power_of_two;legacy_budget;previous_experiment_grid
13,0.15,0.0001,128,11,30.2,power_of_two;legacy_budget;previous_experiment_grid
13,0.15,1e-05,128,19,38.2,power_of_two;legacy_budget;previous_experiment_grid
13,0.15,0.001,148,6,28.2,legacy_budget;previous_experiment_grid
13,0.15,0.0001,148,11,33.2,legacy_budget;previous_experiment_grid
13,0.15,1e-05,148,19,41.2,legacy_budget;previous_experiment_grid
13,0.15,0.001,149,6,28.349999999999998,legacy_budget;previous_experiment_grid
13,0.15,0.0001,149,11,33.349999999999994,legacy_budget;previous_experiment_grid
13,0.15,1e-05,149,19,41.349999999999994,legacy_budget;previous_experiment_grid
13,0.15,0.001,188,6,34.2,previous_experiment_grid;previous_online_switch_budget
13,0.15,0.0001,188,11,39.2,previous_experiment_grid;previous_online_switch_budget
13,0.15,1e-05,188,19,47.2,previous_experiment_grid;previous_online_switch_budget
13,0.15,0.001,249,6,43.35,previous_experiment_grid;previous_online_switch_budget
13,0.15,0.0001,249,11,48.35,previous_experiment_grid;previous_online_switch_budget
13,0.15,1e-05,249,19,56.35,previous_experiment_grid;previous_online_switch_budget
13,0.15,0.001,256,6,44.4,power_of_two;legacy_budget;previous_experiment_grid
13,0.15,0.0001,256,11,49.4,power_of_two;legacy_budget;previous_experiment_grid
13,0.15,1e-05,256,19,57.4,power_of_two;legacy_budget;previous_experiment_grid
13,0.15,0.001,263,6,45.449999999999996,legacy_budget;previous_experiment_grid
13,0.15,0.0001,263,11,50.449999999999996,legacy_budget;previous_experiment_grid
13,0.15,1e-05,263,19,58.449999999999996,legacy_budget;previous_experiment_grid
13,0.15,0.001,264,6,45.6,legacy_budget;previous_experiment_grid
13,0.15,0.0001,264,11,50.6,legacy_budget;previous_experiment_grid
13,0.15,1e-05,264,19,58.6,legacy_budget;previous_experiment_grid
13,0.15,0.001,277,6,47.55,previous_experiment_grid;initial_certificate_budget
13,0.15,0.0001,277,11,52.55,previous_experiment_grid;initial_certificate_budget
13,0.15,1e-05,277,19,60.55,previous_experiment_grid;initial_certificate_budget
13,0.15,0.001,290,6,49.5,previous_experiment_grid;previous_online_switch_budget
13,0.15,0.0001,290,11,54.5,previous_experiment_grid;previous_online_switch_budget
13,0.15,1e-05,290,19,62.5,previous_experiment_grid;previous_online_switch_budget
13,0.15,0.001,492,6,79.8,previous_experiment_grid;initial_certificate_budget
13,0.15,0.0001,492,11,84.8,previous_experiment_grid;initial_certificate_budget
13,0.15,1e-05,492,19,92.8,previous_experiment_grid;initial_certificate_budget
13,0.15,0.001,512,6,82.8,power_of_two;previous_experiment_grid
13,0.15,0.0001,512,11,87.8,power_of_two;previous_experiment_grid
13,0.15,1e-05,512,19,95.8,power_of_two;previous_experiment_grid
13,0.15,0.001,875,6,137.25,previous_experiment_grid;initial_certificate_budget
13,0.15,0.0001,875,11,142.25,previous_experiment_grid;initial_certificate_budget
13,0.15,1e-05,875,19,150.25,previous_experiment_grid;initial_certificate_budget
13,0.25,0.001,0,18,18.0,direct;legacy_budget;previous_experiment_grid
13,0.25,0.0001,0,36,36.0,direct;legacy_budget;previous_experiment_grid
13,0.25,1e-05,0,42,42.0,direct;legacy_budget;previous_experiment_grid
13,0.25,0.001,1,18,18.25,power_of_two;legacy_budget;previous_experiment_grid
13,0.25,0.0001,1,35,35.25,power_of_two;legacy_budget;previous_experiment_grid
13,0.25,1e-05,1,42,42.25,power_of_two;legacy_budget;previous_experiment_grid
13,0.25,0.001,2,17,17.5,power_of_two;legacy_budget;previous_experiment_grid
13,0.25,0.0001,2,23,23.5,power_of_two;legacy_budget;previous_experiment_grid
13,0.25,1e-05,2,42,42.5,power_of_two;legacy_budget;previous_experiment_grid
13,0.25,0.001,4,17,18.0,power_of_two;legacy_budget;previous_experiment_grid
13,0.25,0.0001,4,22,23.0,power_of_two;legacy_budget;previous_experiment_grid
13,0.25,1e-05,4,42,43.0,power_of_two;legacy_budget;previous_experiment_grid
13,0.25,0.001,8,15,17.0,power_of_two;legacy_budget;previous_experiment_grid
13,0.25,0.0001,8,20,22.0,power_of_two;legacy_budget;previous_experiment_grid
13,0.25,1e-05,8,41,43.0,power_of_two;legacy_budget;previous_experiment_grid
13,0.25,0.001,15,8,11.75,legacy_budget;previous_experiment_grid
13,0.25,0.0001,15,17,20.75,legacy_budget;previous_experiment_grid
13,0.25,1e-05,15,22,25.75,legacy_budget;previous_experiment_grid
13,0.25,0.001,16,7,11.0,power_of_two;legacy_budget;previous_experiment_grid
13,0.25,0.0001,16,16,20.0,power_of_two;legacy_budget;previous_experiment_grid
13,0.25,1e-05,16,21,25.0,power_of_two;legacy_budget;previous_experiment_grid
13,0.25,0.001,17,6,10.25,legacy_budget;previous_experiment_grid
13,0.25,0.0001,17,15,19.25,legacy_budget;previous_experiment_grid
13,0.25,1e-05,17,21,25.25,legacy_budget;previous_experiment_grid
13,0.25,0.001,18,6,10.5,cost_comparison_switch_budget
13,0.25,0.0001,18,13,17.5,cost_comparison_switch_budget
13,0.25,1e-05,18,21,25.5,cost_comparison_switch_budget
13,0.25,0.001,29,4,11.25,local_refinement
13,0.25,0.0001,29,10,17.25,local_refinement
13,0.25,1e-05,29,19,26.25,local_refinement
13,0.25,0.001,30,4,11.5,previous_experiment_grid
13,0.25,0.0001,30,10,17.5,previous_experiment_grid
13,0.25,1e-05,30,19,26.5,previous_experiment_grid
13,0.25,0.001,31,4,11.75,legacy_budget;previous_experiment_grid;local_refinement
13,0.25,0.0001,31,11,18.75,legacy_budget;previous_experiment_grid;local_refinement
13,0.25,1e-05,31,19,26.75,legacy_budget;previous_experiment_grid;local_refinement
13,0.25,0.001,32,4,12.0,power_of_two;legacy_budget;previous_experiment_grid
13,0.25,0.0001,32,11,19.0,power_of_two;legacy_budget;previous_experiment_grid
13,0.25,1e-05,32,19,27.0,power_of_two;legacy_budget;previous_experiment_grid
13,0.25,0.001,33,4,12.25,legacy_budget;previous_experiment_grid
13,0.25,0.0001,33,11,19.25,legacy_budget;previous_experiment_grid
13,0.25,1e-05,33,19,27.25,legacy_budget;previous_experiment_grid
13,0.25,0.001,36,4,13.0,cost_comparison_switch_budget
13,0.25,0.0001,36,10,19.0,cost_comparison_switch_budget
13,0.25,1e-05,36,18,27.0,cost_comparison_switch_budget
13,0.25,0.001,42,4,14.5,local_refinement
13,0.25,0.0001,42,9,19.5,local_refinement
13,0.25,1e-05,42,14,24.5,local_refinement
13,0.25,0.001,43,4,14.75,cost_comparison_switch_budget
13,0.25,0.0001,43,9,19.75,cost_comparison_switch_budget
13,0.25,1e-05,43,14,24.75,cost_comparison_switch_budget
13,0.25,0.001,44,4,15.0,local_refinement
13,0.25,0.0001,44,9,20.0,local_refinement
13,0.25,1e-05,44,13,24.0,local_refinement
13,0.25,0.001,63,4,19.75,previous_experiment_grid
13,0.25,0.0001,63,9,24.75,previous_experiment_grid
13,0.25,1e-05,63,13,28.75,previous_experiment_grid
13,0.25,0.001,64,4,20.0,power_of_two;legacy_budget;previous_experiment_grid
13,0.25,0.0001,64,9,25.0,power_of_two;legacy_budget;previous_experiment_grid
13,0.25,1e-05,64,13,29.0,power_of_two;legacy_budget;previous_experiment_grid
13,0.25,0.001,65,4,20.25,legacy_budget;previous_experiment_grid
13,0.25,0.0001,65,9,25.25,legacy_budget;previous_experiment_grid
13,0.25,1e-05,65,13,29.25,legacy_budget;previous_experiment_grid
13,0.25,0.001,114,4,32.5,legacy_budget;previous_experiment_grid
13,0.25,0.0001,114,9,37.5,legacy_budget;previous_experiment_grid
13,0.25,1e-05,114,13,41.5,legacy_budget;previous_experiment_grid
13,0.25,0.001,115,4,32.75,legacy_budget;previous_experiment_grid
13,0.25,0.0001,115,9,37.75,legacy_budget;previous_experiment_grid
13,0.25,1e-05,115,13,41.75,legacy_budget;previous_experiment_grid
13,0.25,0.001,128,4,36.0,power_of_two;legacy_budget;previous_experiment_grid
13,0.25,0.0001,128,9,41.0,power_of_two;legacy_budget;previous_experiment_grid
13,0.25,1e-05,128,13,45.0,power_of_two;legacy_budget;previous_experiment_grid
13,0.25,0.001,187,4,50.75,previous_experiment_grid;previous_online_switch_budget
13,0.25,0.0001,187,9,55.75,previous_experiment_grid;previous_online_switch_budget
13,0.25,1e-05,187,13,59.75,previous_experiment_grid;previous_online_switch_budget
13,0.25,0.001,203,4,54.75,legacy_budget;previous_experiment_grid
13,0.25,0.0001,203,9,59.75,legacy_budget;previous_experiment_grid
13,0.25,1e-05,203,13,63.75,legacy_budget;previous_experiment_grid
13,0.25,0.001,204,4,55.0,legacy_budget;previous_experiment_grid
13,0.25,0.0001,204,9,60.0,legacy_budget;previous_experiment_grid
13,0.25,1e-05,204,13,64.0,legacy_budget;previous_experiment_grid
13,0.25,0.001,208,4,56.0,previous_experiment_grid;previous_online_switch_budget
13,0.25,0.0001,208,9,61.0,previous_experiment_grid;previous_online_switch_budget
13,0.25,1e-05,208,13,65.0,previous_experiment_grid;previous_online_switch_budget
13,0.25,0.001,217,4,58.25,previous_experiment_grid;initial_certificate_budget
13,0.25,0.0001,217,9,63.25,previous_experiment_grid;initial_certificate_budget
13,0.25,1e-05,217,13,67.25,previous_experiment_grid;initial_certificate_budget
13,0.25,0.001,249,4,66.25,previous_experiment_grid;previous_online_switch_budget
13,0.25,0.0001,249,9,71.25,previous_experiment_grid;previous_online_switch_budget
13,0.25,1e-05,249,13,75.25,previous_experiment_grid;previous_online_switch_budget
13,0.25,0.001,256,4,68.0,power_of_two;previous_experiment_grid
13,0.25,0.0001,256,9,73.0,power_of_two;previous_experiment_grid
13,0.25,1e-05,256,13,77.0,power_of_two;previous_experiment_grid
13,0.25,0.001,385,4,100.25,previous_experiment_grid;initial_certificate_budget
13,0.25,0.0001,385,9,105.25,previous_experiment_grid;initial_certificate_budget
13,0.25,1e-05,385,13,109.25,previous_experiment_grid;initial_certificate_budget
13,0.25,0.001,684,4,175.0,previous_experiment_grid;initial_certificate_budget
13,0.25,0.0001,684,9,180.0,previous_experiment_grid;initial_certificate_budget
13,0.25,1e-05,684,13,184.0,previous_experiment_grid;initial_certificate_budget
